Solver,Agenti,Runs,Success_Rate,Runtime_Mean,Runtime_Std,Throughput_Mean,Throughput_Std
WHCA,100,1,1.0,0.05289666666666667,0.0,1631.0,0.0
WHCA,200,1,1.0,0.18029999999999996,0.0,3255.0,0.0
WHCA,300,1,1.0,0.3883166666666667,0.0,4887.0,0.0
WHCA,400,1,0.0,0.0,0.0,0.0,0.0
WHCA,500,1,0.0,0.0,0.0,0.0,0.0
WHCA,600,1,0.0,0.0,0.0,0.0,0.0
WHCA,700,1,0.0,0.0,0.0,0.0,0.0
WHCA,800,1,0.0,0.0,0.0,0.0,0.0
WHCA,900,1,0.0,0.0,0.0,0.0,0.0
WHCA,1000,1,0.0,0.0,0.0,0.0,0.0
