Seed,Solver,Agenti,Runtime,Throughput,Status
42,PBS,100,0.014063333333333332,1643,Success
42,PBS,200,0.03526000000000001,3275,Success
42,PBS,300,0.0622,4915,Success
42,PBS,400,0.10204833333333332,6522,Success
42,PBS,500,0.13684,8174,Success
42,PBS,600,0.21258166666666667,9806,Success
42,PBS,700,0.32047,11436,Success
42,PBS,800,0.42649166666666666,13052,Success
42,PBS,900,0.0,0,Timeout
42,PBS,1000,0.0,0,Timeout
