Seed,Solver,Agenti,Runtime,Throughput,Status
42,ECBS,100,0.014563333333333336,1639,Success
42,ECBS,200,0.03137833333333334,3272,Success
42,ECBS,300,0.051976666666666664,4899,Success
42,ECBS,400,0.09253333333333333,6488,Success
42,ECBS,500,0.12028666666666667,8132,Success
42,ECBS,600,0.14359333333333335,9720,Success
42,ECBS,700,0.16947166666666666,11328,Success
42,ECBS,800,0.21048999999999998,12907,Success
42,ECBS,900,0.25059,14477,Success
42,ECBS,1000,0.29508666666666666,16039,Success
